{
  "output": {
    "name": "sdl",
    "description": "This section contains all of the low level system settings for how DOSBox interacts with your real hardware. You can define what resolutions are emulated, how DOSBox should treat errors or listen to your keyboard and mouse. You can often achieve a fair level of optimization by working with these setting, though for the most part leaving them at their default settings will create the best experience. These settings are passed on to the SDL Library which handles low level things like input and thread priority.",
    "options": {
      "autolock": {
        "name": "autolock",
        "description": "Mouse will automatically lock, if you click on the screen.",
        "value": false,
        "allowedValues": [
          true,
          false
        ]
      }
    }
  },
  "dosbox": {
    "name": "dosbox",
    "description": "The [dosbox] section contains various settings that do not pertain to any other section (e.g. setting the language used in DOSBox help texts, where to store screen captures, etc.)",
    "options": {
      "machine": {
        "name": "machine",
        "description": "The type of machine tries to emulate.",
        "value": "svga_s3",
        "allowedValues": [
          "hercules",
          "cga",
          "tandy",
          "pcjr",
          "ega",
          "vgaonly",
          "svga_s3",
          "svga_et3000",
          "svga_et4000",
          "svga_paradise",
          "vesa_nolfb",
          "vesa_oldvbe"
        ]
      }
    }
  },
  "cpu": {
    "name": "cpu",
    "description": "The CPU section controls how DOSBox tries to emulate the CPU, how fast the emulation should be, and to adjust it. DOSBox offers 4 different methods of CPU emulation.",
    "options": {
      "core": {
        "name": "core",
        "description": "CPU Core used in emulation. auto will switch to dynamic if available and appropriate.",
        "value": "auto",
        "allowedValues": [
          "auto",
          "normal",
          "simple"
        ]
      },
      "cputype": {
        "name": "cputype",
        "description": "CPU Type used in emulation. auto is the fastest choice.",
        "value": "auto",
        "allowedValues": [
          "auto",
          "386",
          "386_slow",
          "486_slow",
          "pentium_slow",
          "386_prefetch"
        ]
      },
      "cycles": {
        "name": "cycles",
        "description": "Amount of instructions DOSBox tries to emulate each millisecond. Setting this value too high results in sound dropouts and lags.\nCycles can be set in 3 ways:\n'auto'          tries to guess what a game needs.\n                It usually works, but can fail for certain games.\n'fixed #number' will set a fixed amount of cycles. This is what you usually need if 'auto' fails.\n                (Example: fixed 4000).\n'max'           will allocate as much cycles as your computer is able to handle.\n",
        "value": "auto",
        "allowedValues": [
          "auto",
          "fixed",
          "max"
        ]
      }
    }
  },
  "mixer": {
    "name": "mixer",
    "description": "Here you can define the quality of emulated audio.",
    "options": {
      "rate": {
        "name": "rate",
        "description": "Frequency rate of sound",
        "value": 44100,
        "allowedValues": []
      },
      "nosound": {
        "name": "nosound",
        "description": "Enable silent mode, sound is still emulated though.",
        "value": false,
        "allowedValues": [
          true,
          false
        ]
      }
    }
  },
  "autoexec": {
    "name": "autoexec",
    "description": "Lines in this section will be run at startup",
    "options": {
      "script": {
        "name": "lines",
        "description": "Use \\n to separate lines",
        "value": "AOE.COM",
        "allowedValues": []
      }
    }
  }
}